# Hand-checked gold pronunciations (canonical phone set, plan 4.3 / Appendix B).
# These override WikiPron where WikiPron lists several variants or is missing.
# word<TAB>pron<TAB>source<TAB>variants
# --- Appendix B ---
پاکستان	pɑːkɪstɑːn	gold
خوبصورت	xuːbsuːrət	gold
پڑھنا	pəɽʰnɑː	gold
بھائی	bʰɑːiː	gold
گھر	ɡʰər	gold
نہیں	nəhĩː	gold
ہاں	hɑ̃ː	gold
قلم	qələm	gold
غلط	ɣələt	gold
خط	xət	gold
کتاب	kɪtɑːb	gold
لڑکی	ləɽkiː	gold
چھوٹا	ʧʰoːʈɑː	gold
ٹھیک	ʈʰiːk	gold
ڈاکٹر	ɖɑːkʈər	gold
شکریہ	ʃʊkrijɑː	gold
آج	ɑːʤ	gold
زندگی	zɪndəɡiː	gold
دوست	doːst	gold
ایک	eːk	gold
محبت	mʊhəbbət	gold
وزیر	ʋəziːr	gold
وزیرِ	ʋəziːreː	gold
اعظم	ɑːzəm	gold
# --- function words and very frequent words ---
میں	mẽː	gold
نے	neː	gold
کا	kɑː	gold
کی	kiː	gold
کے	keː	gold
کو	koː	gold
سے	seː	gold
پر	pər	gold
اور	ɔːr	gold
ہے	hɛː	gold
ہیں	hɛ̃ː	gold
تھا	tʰɑː	gold
تھی	tʰiː	gold
تھے	tʰeː	gold
تھیں	tʰĩː	gold
ہو	hoː	gold
ہوں	hũː	gold
ہوا	hʊɑː	gold
ہوئی	hʊiː	gold
ہوئے	hʊeː	gold
ہونا	hoːnɑː	gold
ہوتا	hoːtɑː	gold
ہوتی	hoːtiː	gold
ہوتے	hoːteː	gold
ہوگا	hoːɡɑː	gold
ہوگی	hoːɡiː	gold
گا	ɡɑː	gold
گی	ɡiː	gold
گے	ɡeː	gold
یہ	jeː	gold
وہ	ʋoː	gold
اس	ɪs	gold
ان	ʊn	gold
اسے	ʊseː	gold
انہیں	ʊnhẽː	gold
انہوں	ʊnhõː	gold
اپنا	əpnɑː	gold
اپنی	əpniː	gold
اپنے	əpneː	gold
کیا	kjɑː	gold	kijɑː
کیوں	kjõː	gold
کیسے	kɛːseː	gold
کیسا	kɛːsɑː	gold
کیسی	kɛːsiː	gold
کہاں	kəhɑ̃ː	gold
کب	kəb	gold
کون	kɔːn	gold
کچھ	kʊʧʰ	gold
کوئی	koːiː	gold
کسی	kɪsiː	gold
کس	kɪs	gold
جو	ʤoː	gold
جس	ʤɪs	gold
جن	ʤɪn	gold
جب	ʤəb	gold
تب	təb	gold
اب	əb	gold
تو	toː	gold
بھی	bʰiː	gold
نہ	nə	gold
نا	nɑː	gold
مت	mət	gold
جی	ʤiː	gold
ہم	həm	gold
ہمیں	həmẽː	gold
ہمارا	həmɑːrɑː	gold
ہماری	həmɑːriː	gold
ہمارے	həmɑːreː	gold
آپ	ɑːp	gold
تم	tʊm	gold
تمہارا	tʊmhɑːrɑː	gold
تمہاری	tʊmhɑːriː	gold
تمہیں	tʊmhẽː	gold
مجھے	mʊʤʰeː	gold
مجھ	mʊʤʰ	gold
میرا	meːrɑː	gold
میری	meːriː	gold
میرے	meːreː	gold
تیرا	teːrɑː	gold
ساتھ	sɑːtʰ	gold
لیے	lɪeː	gold
لئے	lɪeː	gold
بعد	bɑːd	gold
پہلے	pəhleː	gold
پہلا	pəhlɑː	gold
پہلی	pəhliː	gold
ابھی	əbʰiː	gold
کل	kəl	gold
رات	rɑːt	gold
دن	dɪn	gold
صبح	sʊbəh	gold
شام	ʃɑːm	gold
بہت	bəhʊt	gold
زیادہ	zjɑːdɑː	gold
کم	kəm	gold
سب	səb	gold
ہر	hər	gold
بات	bɑːt	gold
باتیں	bɑːtẽː	gold
لوگ	loːɡ	gold
لوگوں	loːɡõː	gold
آدمی	ɑːdmiː	gold
عورت	ɔːrət	gold
بچہ	bəʧʧɑː	gold
بچے	bəʧʧeː	gold
بچی	bəʧʧiː	gold
پانی	pɑːniː	gold
کھانا	kʰɑːnɑː	gold
کرنا	kərnɑː	gold
کرتا	kərtɑː	gold
کرتی	kərtiː	gold
کرتے	kərteː	gold
کریں	kərẽː	gold
کرو	kəroː	gold
کر	kər	gold
کی	kiː	gold
گیا	ɡəjɑː	gold
گئی	ɡəiː	gold
گئے	ɡəeː	gold
آیا	ɑːjɑː	gold
آئی	ɑːiː	gold
آئے	ɑːeː	gold
آئیں	ɑːẽː	gold
جانا	ʤɑːnɑː	gold
جاتا	ʤɑːtɑː	gold
جاتی	ʤɑːtiː	gold
جاتے	ʤɑːteː	gold
جاؤ	ʤɑːoː	gold
جائیں	ʤɑːẽː	gold
جا	ʤɑː	gold
رہا	rəhɑː	gold
رہی	rəhiː	gold
رہے	rəheː	gold
رہنا	rəhnɑː	gold
دیا	dɪjɑː	gold
دی	diː	gold
دیں	dẽː	gold
دینا	deːnɑː	gold
لیا	lɪjɑː	gold
لینا	leːnɑː	gold
لے	leː	gold
دے	deː	gold
سکتا	səktɑː	gold
سکتی	səktiː	gold
سکتے	səkteː	gold
چاہیے	ʧɑːhɪeː	gold
چاہئے	ʧɑːhɪeː	gold
چاہتا	ʧɑːhtɑː	gold
کہا	kəhɑː	gold
کہنا	kəhnɑː	gold
کہتے	kəhteː	gold
کہ	keː	gold
والا	ʋɑːlɑː	gold
والی	ʋɑːliː	gold
والے	ʋɑːleː	gold
لیکن	leːkɪn	gold
مگر	məɡər	gold
اگر	əɡər	gold
پھر	pʰɪr	gold
یا	jɑː	gold
تک	tək	gold
طرح	tərəh	gold
طرف	tərəf	gold
وقت	ʋəqt	gold
سال	sɑːl	gold
مہینہ	məhiːnɑː	gold
ہفتہ	həftɑː	gold
آدھا	ɑːdʰɑː	gold
پورا	puːrɑː	gold
نیا	nəjɑː	gold
نئی	nəiː	gold
نئے	nəeː	gold
پرانا	pʊrɑːnɑː	gold
بڑا	bəɽɑː	gold
بڑی	bəɽiː	gold
بڑے	bəɽeː	gold
چھوٹی	ʧʰoːʈiː	gold
اچھا	əʧʧʰɑː	gold
اچھی	əʧʧʰiː	gold
اچھے	əʧʧʰeː	gold
برا	bʊrɑː	gold
بالکل	bɪlkʊl	gold
مہربانی	mehərbɑːniː	gold
معاف	mʊɑːf	gold
سلام	səlɑːm	gold
خدا	xʊdɑː	gold
اللہ	əllɑːh	gold
اردو	ʊrduː	gold
انگریزی	əŋɡreːziː	gold
ہندوستان	hɪndʊstɑːn	gold
کراچی	kərɑːʧiː	gold
لاہور	lɑːhɔːr	gold
اسلام	ɪslɑːm	gold
آباد	ɑːbɑːd	gold
دنیا	dʊnjɑː	gold
ملک	mʊlk	gold
شہر	ʃəhr	gold
گاؤں	ɡɑ̃ːʋ	gold
حکومت	hʊkuːmət	gold
قوم	qɔːm	gold
خطاب	xɪtɑːb	gold
صاحب	sɑːhɪb	gold
اسکول	ɪskuːl	gold
کتابیں	kɪtɑːbẽː	gold
غلطی	ɣələtiː	gold
خلوص	xʊluːs	gold
اعتماد	eːtɪmɑːd	gold
ستون	sʊtuːn	gold
دو	doː	gold
تین	tiːn	gold
چار	ʧɑːr	gold
پانچ	pɑ̃ːʧ	gold
چھ	ʧʰeː	gold
سات	sɑːt	gold
آٹھ	ɑːʈʰ	gold
نو	nɔː	gold
دس	dəs	gold
سو	sɔː	gold
ہزار	həzɑːr	gold
لاکھ	lɑːkʰ	gold
کروڑ	kəroːɽ	gold
ارب	ərəb	gold
کھرب	kʰərəb	gold
روپے	rʊpəeː	gold
روپیہ	rʊpəjɑː	gold
ڈالر	ɖɑːlər	gold
فیصد	fiːsəd	gold
اعشاریہ	əʃɑːrijɑː	gold
منفی	mənfiː	gold
بہن	bəhən	gold
ماں	mɑ̃ː	gold
باپ	bɑːp	gold
بیٹا	beːʈɑː	gold
بیٹی	beːʈiː	gold
لڑکا	ləɽkɑː	gold
پڑھ	pəɽʰ	gold
پڑھی	pəɽʰiː	gold
سنائی	sʊnɑːiː	gold
کہانی	kəhɑːniː	gold
سڑک	səɽək	gold
چوڑی	ʧɔːɽiː	gold
دھوپ	dʰuːp	gold
تیز	teːz	gold
بازار	bɑːzɑːr	gold
خریدیں	xəriːdẽː	gold
قیمت	qiːmət	gold
سالگرہ	sɑːlɡɪrɑː	gold
اگست	əɡəst	gold
ٹرین	ʈreːn	gold
روانہ	rəʋɑːnɑː	gold
غالب	ɣɑːlɪb	gold
شعر	ʃeːr	gold
زبان	zəbɑːn	gold
سمجھ	səməʤʰ	gold
گزرے	ɡʊzreː	gold
الفاظ	əlfɑːz	gold
آواز	ɑːʋɑːz	gold
واضح	ʋɑːzeh	gold
ہونی	hoːniː	gold
عبدالقدیر	əbdʊlqədiːr	gold
خان	xɑːn	gold
مشہور	məʃhuːr	gold
سائنسدان	sɑːɪnsdɑːn	gold
جمعرات	ʤʊmeːrɑːt	gold
شیریں	ʃiːrĩː	gold
آزاد	ɑːzɑːd	gold
درجہ	dərʤɑː	gold
درجۂ	dərʤɑːeː	gold
حرارت	hərɑːrət	gold
ڈگری	ɖɪɡriː	gold
موسم	mɔːsəm	gold
چیز	ʧiːz	gold
کام	kɑːm	gold
نام	nɑːm	gold
جگہ	ʤəɡɑː	gold
طور	tɔːr	gold
حال	hɑːl	gold
خبر	xəbər	gold
خیال	xəjɑːl	gold
دل	dɪl	gold
آنکھ	ɑ̃ːkʰ	gold
ہاتھ	hɑːtʰ	gold
سر	sər	gold
جان	ʤɑːn	gold
علم	ɪlm	gold
عمر	ʊmr	gold
شروع	ʃʊruː	gold
ختم	xətm	gold
مسئلہ	məsələ	gold
تعلیم	tɑːliːm	gold
معلوم	mɑːluːm	gold
خواب	xɑːb	gold
خود	xʊd	gold
خوش	xʊʃ	gold
خوب	xuːb	gold
خوشی	xʊʃiː	gold
ضرور	zəruːr	gold
ضرورت	zəruːrət	gold
بالکل	bɪlkʊl	gold
انشاءاللہ	ɪnʃɑːəllɑːh	gold
کمپیوٹر	kəmpjuːʈər	gold
موبائل	moːbɑːɪl	gold
فون	foːn	gold
انٹرنیٹ	ɪnʈərneːʈ	gold
ٹی وی	ʈiː ʋiː	gold
ایپ	ɛːp	gold
ویب	ʋɛːb	gold
آن	ɑːn	gold
آف	ɑːf	gold
چیک	ʧeːk	gold
کینسل	kɛːnsəl	gold
میٹنگ	miːʈɪŋ	gold
آفس	ɑːfɪs	gold
دفتر	dəftər	gold
# --- ordinals / number words produced by numbers.py ---
پہلا	pəhlɑː	gold	
دوسرا	duːsrɑː	gold	
تیسرا	tiːsrɑː	gold	
چوتھا	ʧɔːtʰɑː	gold	
پانچواں	pɑ̃ːʧʋɑ̃ː	gold	
چھٹا	ʧʰəʈʈɑː	gold	
ساتواں	sɑːtʋɑ̃ː	gold	
آٹھواں	ɑːʈʰʋɑ̃ː	gold	
نواں	nəʋɑ̃ː	gold	
دسواں	dəsʋɑ̃ː	gold	
صفر	sɪfər	gold	
گیارہ	ɡjɑːrɑː	gold	
بارہ	bɑːrɑː	gold	
تیرہ	teːrɑː	gold	
چودہ	ʧɔːdɑː	gold	
پندرہ	pəndrɑː	gold	
سولہ	soːlɑː	gold	
سترہ	sətrɑː	gold	
اٹھارہ	əʈʰɑːrɑː	gold	
انیس	ʊnniːs	gold	
بیس	biːs	gold	
اکیس	ɪkkiːs	gold	
بائیس	bɑːiːs	gold	
تیئیس	teːiːs	gold	
چوبیس	ʧɔːbiːs	gold	
پچیس	pəʧʧiːs	gold	
چھبیس	ʧʰəbbiːs	gold	
ستائیس	səttɑːiːs	gold	
اٹھائیس	əʈʰɑːiːs	gold	
انتیس	ʊntiːs	gold	
تیس	tiːs	gold	
چالیس	ʧɑːliːs	gold	
پینتالیس	pɛ̃ːtɑːliːs	gold	
پچاس	pəʧɑːs	gold	
ساٹھ	sɑːʈʰ	gold	
ستر	səttər	gold	
اسی	əssiː	gold	
نوے	nəʋʋeː	gold	
ننانوے	nɪnnɑːnʋeː	gold	
سینتالیس	sɛ̃ːtɑːliːs	gold	
اڑتیس	əɽtiːs	gold	
بج	bəʤ	gold	
منٹ	mɪnəʈ	gold	
پونے	pɔːneː	gold	
سوا	səʋɑː	gold	
ساڑھے	sɑːɽʰeː	gold	
ڈیڑھ	ɖeːɽʰ	gold	
ڈھائی	ɖʰɑːiː	gold	
جنوری	ʤənʋəriː	gold	
فروری	fərʋəriː	gold	
مارچ	mɑːrʧ	gold	
اپریل	əpreːl	gold	
مئی	məiː	gold	
جون	ʤuːn	gold	
جولائی	ʤuːlɑːiː	gold	
ستمبر	sɪtəmbər	gold	
اکتوبر	əktuːbər	gold	
نومبر	nəʋəmbər	gold	
دسمبر	dɪsəmbər	gold	
